Description,,Summary Amt.
Beginning balance as of 03/13/2017,,"0.00"
Total credits,,"16931.72"
Total debits,,"-16931.72"
Ending balance as of 03/13/2017,,"0.00"

Date,Description,Amount,Running Bal.
03/13/2017,Beginning balance as of 03/13/2017,,"0.00"
03/13/2017,"BKOFAMERICA ATM 03/12 #000004098 DEPOSIT DELLCREST CENTER SAN ANTONIO TX CKCD 5057020000143924","3554.00","3554.00"
03/13/2017,"BKOFAMERICA ATM 03/11 #000003516 DEPOSIT DELLCREST CENTER SAN ANTONIO TX CKCD 5057020000143924","3190.00","6744.00"
03/13/2017,"BKOFAMERICA ATM 03/13 #000004241 DEPOSIT DELLCREST CENTER SAN ANTONIO TX CKCD 5057020000143924","2800.00","9544.00"
03/13/2017,"BKOFAMERICA ATM 03/11 #000003784 DEPOSIT DELLCREST CENTER SAN ANTONIO TX CKCD 5057020000143924","2720.00","12264.00"
03/13/2017,"MERCHANT SERVICE DES:MERCH DEP ID:8029378307 INDN:SUN COM MOBILE LLC CO ID:1841010148 CCD","1818.13","14082.13"
03/13/2017,"MERCHANT SERVICE DES:MERCH DEP ID:8029378307 INDN:SUN COM MOBILE LLC CO ID:1841010148 CCD","1694.47","15776.60"
03/13/2017,"MERCHANT SERVICE DES:MERCH DEP ID:8029378307 INDN:SUN COM MOBILE LLC CO ID:1841010148 CCD","1155.12","16931.72"
03/13/2017,"TFR TRANSFER DEBIT CUR TRSF TO TX 0586035949841","-16931.72","0.00"
